ZRXBTC,ZRXETH
PIVXBTC,PIVXETH
BTSBTC,BTSETH
NANOBTC,NANOETH
DATABTC,DATAETH
NEOBTC,NEOETH
YOYOBTC,YOYOETH
BCCBTC,BCCETH
HOTBTC,HOTETH
ASTBTC,ASTETH
TRXBTC,TRXETH
NULSBTC,NULSETH
QSPBTC,QSPETH
POABTC,POAETH
PHXBTC,PHXETH
INSBTC,INSETH
BQXBTC,BQXETH
SUBBTC,SUBETH
BCNBTC,BCNETH
ICNBTC,ICNETH
NEBLBTC,NEBLETH
QLCBTC,QLCETH
STRATBTC,STRATETH
SYSBTC,SYSETH
SKYBTC,SKYETH
ADXBTC,ADXETH
TUSDBTC,TUSDETH
WABIBTC,WABIETH
RCNBTC,RCNETH
EDOBTC,EDOETH
OAXBTC,OAXETH
ZENBTC,ZENETH
VIABTC,VIAETH
XMRBTC,XMRETH
BNBBTC,BNBETH
XLMBTC,XLMETH
SALTBTC,SALTETH
HSRBTC,HSRETH
DOCKBTC,DOCKETH
XRPBTC,XRPETH
LUNBTC,LUNETH
VETBTC,VETETH
WANBTC,WANETH
EOSBTC,EOSETH
EVXBTC,EVXETH
SNMBTC,SNMETH
MANABTC,MANAETH
WTCBTC,WTCETH
IOSTBTC,IOSTETH
OSTBTC,OSTETH
TNTBTC,TNTETH
VIBBTC,VIBETH
VIBBTC,VIBEETH
STORJBTC,STORMETH
STORJBTC,STORJETH
MTHBTC,MTHETH
VENBTC,VENETH
CDTBTC,CDTETH
BLZBTC,BLZETH
ELFBTC,ELFETH
ARNBTC,ARNETH
DLTBTC,DLTETH
ARDRBTC,ARDRETH
DASHBTC,DASHETH
BCDBTC,BCDETH
GRSBTC,GRSETH
PPTBTC,PPTETH
AIONBTC,AIONETH
NPXSBTC,NPXSETH
IOTXBTC,IOTXETH
IOTXBTC,IOTAETH
ETCBTC,ETCETH
CMTBTC,CMTETH
MODBTC,MODETH
ZILBTC,ZILETH
WINGSBTC,WINGSETH
WPRBTC,WPRETH
MDABTC,MDAETH
BNTBTC,BNTETH
RDNBTC,RDNETH
LINKBTC,LINKETH
REQBTC,REQETH
RLCBTC,RLCETH
CNDBTC,CNDETH
SNGLSBTC,SNGLSETH
DENTBTC,DENTETH
FUNBTC,FUNETH
QTUMBTC,QTUMETH
ADABTC,ADAETH
XEMBTC,XEMETH
BATBTC,BATETH
XZCBTC,XZCETH
LRCBTC,LRCETH
CHATBTC,CHATETH
WINBTC,WINGSETH
DNTBTC,DNTETH
KEYBTC,KEYETH
FUELBTC,FUELETH
DGDBTC,DGDETH
GXSBTC,GXSETH
TRIGBTC,TRIGETH
OMGBTC,OMGETH
GTOBTC,GTOETH
KMDBTC,KMDETH
MCOBTC,MCOETH
MTLBTC,MTLETH
REPBTC,REPETH
ARKBTC,ARKETH
NAVBTC,NAVETH
RPXBTC,RPXETH
STORMBTC,STORMETH
STORMBTC,STORJETH
ENJBTC,ENJETH
APPCBTC,APPCETH
SNTBTC,SNTETH
BRDBTC,BRDETH
LTCBTC,LTCETH
ONTBTC,ONTETH
QKCBTC,QKCETH
MFTBTC,MFTETH
NXSBTC,NXSETH
KNCBTC,KNCETH
STEEMBTC,STEEMETH
LENDBTC,LENDETH
GNTBTC,GNTETH
AGIBTC,AGIETH
BCPTBTC,BCPTETH
NCASHBTC,NCASHETH
ENGBTC,ENGETH
TNBBTC,TNBETH
GVTBTC,GVTETH
CLOAKBTC,CLOAKETH
POEBTC,POEETH
VIBEBTC,VIBEETH
WAVESBTC,WAVESETH
AMBBTC,AMBETH
THETABTC,THETAETH
CVCBTC,CVCETH
ZECBTC,ZECETH
POWRBTC,POWRETH
XVGBTC,XVGETH
ICXBTC,ICXETH
BTGBTC,BTGETH
PAXBTC,PAXETH
IOTABTC,IOTAETH
LSKBTC,LSKETH
NASBTC,NASETH
LOOMBTC,LOOMETH